name,lastName,email,password
Park,Alabaster,palabaster0@princeton.edu,vLsfmh
Cordy,Yanuk,cyanuk1@squidoo.com,zaLPt86fBtpI
Engracia,Covet,ecovet2@toplist.cz,qCuBs1IBg3
Rochester,Poplee,rpoplee3@cisco.com,N1zCyptXm
Chase,Vinau,cvinau4@constantcontact.com,QGgm7H
Christina,Bollom,cbollom5@gnu.org,iw0uPh
Jillene,Kornacki,jkornacki6@economist.com,urFtL4rW
Marchall,Sammon,msammon7@icq.com,yYgOehYY
Eleni,Shawdforth,eshawdforth8@jiathis.com,L2rmwFs
Violetta,Redfield,vredfield9@dailymail.co.uk,1AS8qMrOp7
Belle,Teaze,bteazea@vk.com,U2H9dO
Jerry,Brealey,jbrealeyb@mlb.com,IdGDnWzzvS
Maximilian,Southouse,msouthousec@cnn.com,4kLpr15y
Thibaud,Igonet,tigonetd@zdnet.com,nqArHHU
Jabez,Vidgeon,jvidgeone@newsvine.com,ZWMk2gd
Isahella,Kelshaw,ikelshawf@archive.org,0DvqA4NFgKx
Feliks,Flippen,fflippeng@fotki.com,OoGXWKtPm1aB
Helene,McAlroy,hmcalroyh@hc360.com,RKfXvom0N7sq
Annalise,Philbrook,aphilbrooki@mediafire.com,CQG4k63Dk91O
Sheila-kathryn,Clackson,sclacksonj@lycos.com,rlt4OsGO
Bettine,Everiss,beverissk@si.edu,abDCWQgzPL1
Annis,Dunton,aduntonl@narod.ru,PQjKPdkJDB
Gladi,Caldaro,gcaldarom@surveymonkey.com,SGgvBfA0a
Mead,Cohan,mcohann@dedecms.com,R1HhgSx
Jedd,Valintine,jvalintineo@ca.gov,tckMmmVaCKoY
Zechariah,Asling,zaslingp@utexas.edu,QLSY0d
Janel,Tubritt,jtubrittq@wikimedia.org,QPyOGwMw
Eydie,Wetton,ewettonr@networksolutions.com,qAz0OszWpvA
Elyse,Guyton,eguytons@hhs.gov,R1dYaG2rMSjl
Christiano,Lilburne,clilburnet@hhs.gov,mDEclwkw
Ileane,Camplejohn,icamplejohnu@paypal.com,t6tz5zoMLl
Shelby,Rolph,srolphv@surveymonkey.com,7qlKt7wx
Quintilla,Wheelton,qwheeltonw@i2i.jp,MdGTaEDynG9
Sylvan,Littleproud,slittleproudx@wired.com,UwjM01MK
Starr,Wimms,swimmsy@cbslocal.com,BfEHg8WCA
Cecil,Wolseley,cwolseleyz@dailymail.co.uk,gFpanNeAPC
Dewitt,Snazel,dsnazel10@arstechnica.com,tMX12JZmzI
Giffer,Jobb,gjobb11@qq.com,JPcHPtw
Kiele,Paxman,kpaxman12@behance.net,6HAdG8MUvA
Denis,Ibanez,dibanez13@about.com,dMPIsmZjIW
Tuesday,Bohan,tbohan14@drupal.org,WBodqnc4H
Denny,Basley,dbasley15@mac.com,0PDWgs2WeJnM
Ludvig,Portch,lportch16@illinois.edu,kl7ZsqXgTfaf
Horatio,Bittlestone,hbittlestone17@army.mil,k1Wo15x1HUlE
Ulrikaumeko,Tume,utume18@tumblr.com,LglfFM
Emmaline,Huxton,ehuxton19@creativecommons.org,YkCs8bHrV
Rhodia,Hartley,rhartley1a@army.mil,7aUECWhYrV
Ive,Bwy,ibwy1b@com.com,vr5aUfCD
Sarette,Dunphie,sdunphie1c@pcworld.com,1morjd6
Gustavo,Wackly,gwackly1d@webs.com,ricFBM
